{"cameraMode":{"drawMode":0,"name":"Shaded","section":"Shading Mode"},"sceneLighting":false,"audioPlay":false,"sceneViewState":{"m_AlwaysRefresh":false,"showFog":true,"showSkybox":false,"showFlares":true,"showImageEffects":true,"showParticleSystems":true,"showVisualEffectGraphs":true,"m_FxEnabled":true},"in2DMode":false,"pivot":{"x":1.3359999656677247,"y":1.8619999885559083,"z":2.4790000915527345},"rotation":{"x":-0.21286676824092866,"y":0.47641250491142275,"z":-0.12008009105920792,"w":-0.8445838689804077},"size":0.2698289155960083,"orthographic":false}