{"cameraMode":{"drawMode":0,"name":"Shaded","section":"Shading Mode"},"sceneLighting":true,"audioPlay":false,"sceneViewState":{"m_AlwaysRefresh":false,"showFog":true,"showSkybox":true,"showFlares":true,"showImageEffects":true,"showParticleSystems":true,"showVisualEffectGraphs":true,"m_FxEnabled":true},"in2DMode":false,"pivot":{"x":0.6950000524520874,"y":1.346436858177185,"z":1.5735249519348145},"rotation":{"x":-0.05090026557445526,"y":0.8796141743659973,"z":-0.0967041552066803,"w":-0.46298056840896609},"size":0.9964455962181091,"orthographic":false}