{"cameraMode":{"drawMode":0,"name":"Shaded","section":"Shading Mode"},"sceneLighting":false,"audioPlay":false,"sceneViewState":{"m_AlwaysRefresh":false,"showFog":true,"showSkybox":false,"showFlares":true,"showImageEffects":true,"showParticleSystems":true,"showVisualEffectGraphs":true,"m_FxEnabled":true},"in2DMode":false,"pivot":{"x":-1.4420812129974366,"y":2.593977451324463,"z":0.8680369257926941},"rotation":{"x":0.04130422696471214,"y":0.6794672012329102,"z":-0.03835870698094368,"w":0.7315539121627808},"size":0.9002916812896729,"orthographic":false}