{"cameraMode":{"drawMode":0,"name":"Shaded","section":"Shading Mode"},"sceneLighting":false,"audioPlay":false,"sceneViewState":{"m_AlwaysRefresh":false,"showFog":true,"showSkybox":false,"showFlares":true,"showImageEffects":true,"showParticleSystems":true,"showVisualEffectGraphs":true,"m_FxEnabled":true},"in2DMode":false,"pivot":{"x":1.4841662645339966,"y":2.2141177654266359,"z":-2.5589542388916017},"rotation":{"x":0.005521681625396013,"y":0.9927238821983337,"z":-0.050073616206645969,"w":0.10943691432476044},"size":1.890426754951477,"orthographic":true}