{"cameraMode":{"drawMode":0,"name":"Shaded","section":"Shading Mode"},"sceneLighting":false,"audioPlay":false,"sceneViewState":{"m_AlwaysRefresh":false,"showFog":true,"showSkybox":false,"showFlares":true,"showImageEffects":true,"showParticleSystems":true,"showVisualEffectGraphs":true,"m_FxEnabled":true},"in2DMode":false,"pivot":{"x":-11.239957809448243,"y":1.4035781621932984,"z":-3.4120020866394045},"rotation":{"x":0.09161507338285446,"y":-0.9083802103996277,"z":0.2839769721031189,"w":0.2929891049861908},"size":3.2330803871154787,"orthographic":false}